<Piecemaker>
  <Contents>
    <Image Source="images/slider-flash/100.jpg" Title=""></Image>
    <Image Source="images/slider-flash/22.jpg" Title=""></Image>
    <Image Source="images/slider-flash/business1.jpg" Title=""></Image>
  </Contents>
  <Settings ImageWidth="1000" ImageHeight="338" LoaderColor="0x333333" InnerSideColor="0x222222" SideShadowAlpha="0.8" DropShadowAlpha="0.7" DropShadowDistance="25" DropShadowScale="0.95" DropShadowBlurX="40" DropShadowBlurY="4" MenuDistanceX="20" MenuDistanceY="50" MenuColor1="0x999999" MenuColor2="0x333333" MenuColor3="0xFFFFFF" ControlSize="100" ControlDistance="20" ControlColor1="0x222222" ControlColor2="0xFFFFFF" ControlAlpha="0.8" ControlAlphaOver="0.95" ControlsX="500" ControlsY="280" ControlsAlign="center" TooltipHeight="30" TooltipColor="0x222222" TooltipTextY="5" TooltipTextStyle="P-Italic" TooltipTextColor="0xFFFFFF" TooltipMarginLeft="5" TooltipMarginRight="7" TooltipTextSharpness="50" TooltipTextThickness="-100" InfoWidth="400" InfoBackground="0xFFFFFF" InfoBackgroundAlpha="0.95" InfoMargin="400" InfoSharpness="0" InfoThickness="0" Autoplay="10" FieldOfView="45"></Settings>
  <Transitions>
    <Transition Pieces="9" Time="1.2" Transition="easeInOutBack" Delay="0.1" DepthOffset="300" CubeDistance="30"></Transition>
  </Transitions>
</Piecemaker>